full_user_1_1333627711157;1.05;1;40;544077148;1
full_user_1_1333627711157;1.05;2;40;496259128;0
full_user_1_1333627711157;1.05;3;40;487239820;0
full_user_1_1333627711157;1.05;10;40;455281571;0
full_user_1_1333627711157;1.1;1;40;229832156;0
full_user_1_1333627711157;1.1;2;40;236178569;0
full_user_1_1333627711157;1.1;3;40;227946515;0
full_user_1_1333627711157;1.1;10;40;235546783;0
full_user_1_1333627711157;1.15;1;40;198036010;0
full_user_1_1333627711157;1.15;2;40;198466368;0
full_user_1_1333627711157;1.15;3;40;198649074;0
full_user_1_1333627711157;1.15;10;40;199892248;0
full_user_1_1333627711157;1.2;1;40;160367251;0
full_user_1_1333627711157;1.2;2;40;161952511;0
full_user_1_1333627711157;1.2;3;40;162226981;0
full_user_1_1333627711157;1.2;10;40;166332535;0
full_user_1_1333627711157;1.25;1;40;116632708;0
full_user_1_1333627711157;1.25;2;40;129007189;0
full_user_1_1333627711157;1.25;3;40;119394302;0
full_user_1_1333627711157;1.25;10;40;124338854;0
full_user_1_1333627711157;1.3;1;40;129918621;0
full_user_1_1333627711157;1.3;2;40;129018641;0
full_user_1_1333627711157;1.3;3;40;122007900;0
full_user_1_1333627711157;1.3;10;40;123916598;0
full_user_1_1333627711157;1.35;1;40;95245839;0
full_user_1_1333627711157;1.35;2;40;94114135;0
full_user_1_1333627711157;1.35;3;40;93222540;0
full_user_1_1333627711157;1.35;10;40;93581872;0
full_user_1_1333627711157;1.4;1;40;76429622;0
full_user_1_1333627711157;1.4;2;40;76858656;0
full_user_1_1333627711157;1.4;3;40;76873949;0
full_user_1_1333627711157;1.4;10;40;76508407;0
full_user_1_1333627711157;1.45;1;40;99605611;0
full_user_1_1333627711157;1.45;2;40;99518872;0
full_user_1_1333627711157;1.45;3;40;99312488;0
full_user_1_1333627711157;1.45;10;40;112323430;0
full_user_1_1333627711157;1.5;1;40;88476756;0
full_user_1_1333627711157;1.5;2;40;88176925;0
full_user_1_1333627711157;1.5;3;40;88441690;0
full_user_1_1333627711157;1.5;10;40;88278758;0
face_user_1_1333627711157;1.05;1;40;26539752;0
face_user_1_1333627711157;1.05;2;40;25592642;0
face_user_1_1333627711157;1.05;3;40;26097033;0
face_user_1_1333627711157;1.05;10;40;26098992;0
face_user_1_1333627711157;1.1;1;40;22738990;0
face_user_1_1333627711157;1.1;2;40;22709181;0
face_user_1_1333627711157;1.1;3;40;23004103;0
face_user_1_1333627711157;1.1;10;40;23525764;0
face_user_1_1333627711157;1.15;1;40;22687034;0
face_user_1_1333627711157;1.15;2;40;22536942;0
face_user_1_1333627711157;1.15;3;40;22841034;0
face_user_1_1333627711157;1.15;10;40;22947262;0
face_user_1_1333627711157;1.2;1;40;22464727;0
face_user_1_1333627711157;1.2;2;40;21940988;0
face_user_1_1333627711157;1.2;3;40;22401173;0
face_user_1_1333627711157;1.2;10;40;22703794;0
face_user_1_1333627711157;1.25;1;40;21238667;0
face_user_1_1333627711157;1.25;2;40;21252910;0
face_user_1_1333627711157;1.25;3;40;21475214;0
face_user_1_1333627711157;1.25;10;40;21895872;0
face_user_1_1333627711157;1.3;1;40;21619093;0
face_user_1_1333627711157;1.3;2;40;21544429;0
face_user_1_1333627711157;1.3;3;40;21658199;0
face_user_1_1333627711157;1.3;10;40;21499663;0
face_user_1_1333627711157;1.35;1;40;23059705;0
face_user_1_1333627711157;1.35;2;40;32236574;0
face_user_1_1333627711157;1.35;3;40;29720815;0
face_user_1_1333627711157;1.35;10;40;24329771;0
face_user_1_1333627711157;1.4;1;40;23389287;0
face_user_1_1333627711157;1.4;2;40;23329853;0
face_user_1_1333627711157;1.4;3;40;23848980;0
face_user_1_1333627711157;1.4;10;40;24271942;0
face_user_1_1333627711157;1.45;1;40;21671751;0
face_user_1_1333627711157;1.45;2;40;21473334;0
face_user_1_1333627711157;1.45;3;40;24967140;0
face_user_1_1333627711157;1.45;10;40;22376517;0
face_user_1_1333627711157;1.5;1;40;21818488;0
face_user_1_1333627711157;1.5;2;40;21264644;0
face_user_1_1333627711157;1.5;3;40;21568174;0
face_user_1_1333627711157;1.5;10;40;21608407;0
full_user_1_1333627715917;1.05;1;40;408265463;1
full_user_1_1333627715917;1.05;2;40;393294077;1
full_user_1_1333627715917;1.05;3;40;410730307;1
full_user_1_1333627715917;1.05;10;40;426753919;0
full_user_1_1333627715917;1.1;1;40;224384538;0
full_user_1_1333627715917;1.1;2;40;223940769;0
full_user_1_1333627715917;1.1;3;40;226579789;0
full_user_1_1333627715917;1.1;10;40;227795588;0
full_user_1_1333627715917;1.15;1;40;198439480;0
full_user_1_1333627715917;1.15;2;40;181529234;0
full_user_1_1333627715917;1.15;3;40;183819879;0
full_user_1_1333627715917;1.15;10;40;186070173;0
full_user_1_1333627715917;1.2;1;40;145996010;1
full_user_1_1333627715917;1.2;2;40;148840921;1
full_user_1_1333627715917;1.2;3;40;145298715;0
full_user_1_1333627715917;1.2;10;40;145454741;0
full_user_1_1333627715917;1.25;1;40;98291621;1
full_user_1_1333627715917;1.25;2;40;100667203;0
full_user_1_1333627715917;1.25;3;40;98661287;0
full_user_1_1333627715917;1.25;10;40;97937663;0
full_user_1_1333627715917;1.3;1;40;110499809;0
full_user_1_1333627715917;1.3;2;40;111423876;0
full_user_1_1333627715917;1.3;3;40;114234707;0
full_user_1_1333627715917;1.3;10;40;115602902;0
full_user_1_1333627715917;1.35;1;40;89008524;0
full_user_1_1333627715917;1.35;2;40;88923318;0
full_user_1_1333627715917;1.35;3;40;88896641;0
full_user_1_1333627715917;1.35;10;40;89215884;0
full_user_1_1333627715917;1.4;1;40;73890749;1
full_user_1_1333627715917;1.4;2;40;73955142;0
full_user_1_1333627715917;1.4;3;40;74116062;0
full_user_1_1333627715917;1.4;10;40;73944878;0
full_user_1_1333627715917;1.45;1;40;92627980;0
full_user_1_1333627715917;1.45;2;40;92585584;0
full_user_1_1333627715917;1.45;3;40;92497026;0
full_user_1_1333627715917;1.45;10;40;92634825;0
full_user_1_1333627715917;1.5;1;40;81838759;0
full_user_1_1333627715917;1.5;2;40;82063929;0
full_user_1_1333627715917;1.5;3;40;82634876;0
full_user_1_1333627715917;1.5;10;40;82447497;0
full_user_1_1333627707659;1.05;1;40;395590245;0
full_user_1_1333627707659;1.05;2;40;387808259;0
full_user_1_1333627707659;1.05;3;40;417055898;0
full_user_1_1333627707659;1.05;10;40;389545139;0
full_user_1_1333627707659;1.1;1;40;200731597;0
full_user_1_1333627707659;1.1;2;40;204403720;0
full_user_1_1333627707659;1.1;3;40;200871282;0
full_user_1_1333627707659;1.1;10;40;199514270;0
full_user_1_1333627707659;1.15;1;40;187174567;0
full_user_1_1333627707659;1.15;2;40;180773619;0
full_user_1_1333627707659;1.15;3;40;176719609;0
full_user_1_1333627707659;1.15;10;40;174090646;0
full_user_1_1333627707659;1.2;1;40;145490498;0
full_user_1_1333627707659;1.2;2;40;140945227;0
full_user_1_1333627707659;1.2;3;40;140819093;0
full_user_1_1333627707659;1.2;10;40;139885948;0
full_user_1_1333627707659;1.25;1;40;105399155;0
full_user_1_1333627707659;1.25;2;40;102627787;0
full_user_1_1333627707659;1.25;3;40;100214978;0
full_user_1_1333627707659;1.25;10;40;100173911;0
full_user_1_1333627707659;1.3;1;40;111542744;0
full_user_1_1333627707659;1.3;2;40;110443655;0
full_user_1_1333627707659;1.3;3;40;112733119;0
full_user_1_1333627707659;1.3;10;40;110613163;0
full_user_1_1333627707659;1.35;1;40;90136321;0
full_user_1_1333627707659;1.35;2;40;91067934;0
full_user_1_1333627707659;1.35;3;40;89481493;0
full_user_1_1333627707659;1.35;10;40;88911025;0
full_user_1_1333627707659;1.4;1;40;72067127;0
full_user_1_1333627707659;1.4;2;40;72195769;0
full_user_1_1333627707659;1.4;3;40;72050853;0
full_user_1_1333627707659;1.4;10;40;72160924;0
full_user_1_1333627707659;1.45;1;40;93198587;0
full_user_1_1333627707659;1.45;2;40;91161099;0
full_user_1_1333627707659;1.45;3;40;92180785;0
full_user_1_1333627707659;1.45;10;40;93678887;0
full_user_1_1333627707659;1.5;1;40;80855390;0
full_user_1_1333627707659;1.5;2;40;81144466;0
full_user_1_1333627707659;1.5;3;40;82536408;0
full_user_1_1333627707659;1.5;10;40;84280690;0
face_user_1_1333627716640;1.05;1;40;25931578;0
face_user_1_1333627716640;1.05;2;40;26767584;0
face_user_1_1333627716640;1.05;3;40;25919564;0
face_user_1_1333627716640;1.05;10;40;25516162;0
face_user_1_1333627716640;1.1;1;40;22843408;0
face_user_1_1333627716640;1.1;2;40;23083244;0
face_user_1_1333627716640;1.1;3;40;23499919;0
face_user_1_1333627716640;1.1;10;40;23317906;0
face_user_1_1333627716640;1.15;1;40;22773640;0
face_user_1_1333627716640;1.15;2;40;22999363;0
face_user_1_1333627716640;1.15;3;40;22810510;0
face_user_1_1333627716640;1.15;10;40;23127244;0
face_user_1_1333627716640;1.2;1;40;22166364;0
face_user_1_1333627716640;1.2;2;40;22506217;0
face_user_1_1333627716640;1.2;3;40;22648196;0
face_user_1_1333627716640;1.2;10;40;22335105;0
face_user_1_1333627716640;1.25;1;40;21387639;0
face_user_1_1333627716640;1.25;2;40;21598624;0
face_user_1_1333627716640;1.25;3;40;22045963;0
face_user_1_1333627716640;1.25;10;40;21567054;0
face_user_1_1333627716640;1.3;1;40;21582425;0
face_user_1_1333627716640;1.3;2;40;21730974;0
face_user_1_1333627716640;1.3;3;40;21658484;0
face_user_1_1333627716640;1.3;10;40;22079270;0
face_user_1_1333627716640;1.35;1;40;21287903;0
face_user_1_1333627716640;1.35;2;40;21650589;0
face_user_1_1333627716640;1.35;3;40;21715611;0
face_user_1_1333627716640;1.35;10;40;21547570;0
face_user_1_1333627716640;1.4;1;40;21006654;0
face_user_1_1333627716640;1.4;2;40;21164842;0
face_user_1_1333627716640;1.4;3;40;21545758;0
face_user_1_1333627716640;1.4;10;40;21177835;0
face_user_1_1333627716640;1.45;1;40;21502730;0
face_user_1_1333627716640;1.45;2;40;21811084;0
face_user_1_1333627716640;1.45;3;40;21715544;0
face_user_1_1333627716640;1.45;10;40;21785308;0
face_user_1_1333627716640;1.5;1;40;21384286;0
face_user_1_1333627716640;1.5;2;40;21599254;0
face_user_1_1333627716640;1.5;3;40;21809688;0
face_user_1_1333627716640;1.5;10;40;21730904;0
face_user_1_1333627714331;1.05;1;40;27986104;0
face_user_1_1333627714331;1.05;2;40;28396626;0
face_user_1_1333627714331;1.05;3;40;28662444;0
face_user_1_1333627714331;1.05;10;40;29271669;0
face_user_1_1333627714331;1.1;1;40;26464959;0
face_user_1_1333627714331;1.1;2;40;24368039;0
face_user_1_1333627714331;1.1;3;40;24267543;0
face_user_1_1333627714331;1.1;10;40;25641107;0
face_user_1_1333627714331;1.15;1;40;24447872;0
face_user_1_1333627714331;1.15;2;40;23438874;0
face_user_1_1333627714331;1.15;3;40;23730462;0
face_user_1_1333627714331;1.15;10;40;23585823;0
face_user_1_1333627714331;1.2;1;40;23283826;0
face_user_1_1333627714331;1.2;2;40;23023880;0
face_user_1_1333627714331;1.2;3;40;23306453;0
face_user_1_1333627714331;1.2;10;40;23125355;0
face_user_1_1333627714331;1.25;1;40;21833154;0
face_user_1_1333627714331;1.25;2;40;21933519;0
face_user_1_1333627714331;1.25;3;40;22044980;0
face_user_1_1333627714331;1.25;10;40;22392725;0
face_user_1_1333627714331;1.3;1;40;22177749;0
face_user_1_1333627714331;1.3;2;40;22243610;0
face_user_1_1333627714331;1.3;3;40;22487708;0
face_user_1_1333627714331;1.3;10;40;22436510;0
face_user_1_1333627714331;1.35;1;40;21864369;0
face_user_1_1333627714331;1.35;2;40;21547926;0
face_user_1_1333627714331;1.35;3;40;21902506;0
face_user_1_1333627714331;1.35;10;40;21938476;0
face_user_1_1333627714331;1.4;1;40;21442527;0
face_user_1_1333627714331;1.4;2;40;21514957;0
face_user_1_1333627714331;1.4;3;40;21604566;0
face_user_1_1333627714331;1.4;10;40;22021724;0
face_user_1_1333627714331;1.45;1;40;21841114;0
face_user_1_1333627714331;1.45;2;40;21932887;0
face_user_1_1333627714331;1.45;3;40;22011668;0
face_user_1_1333627714331;1.45;10;40;21876526;0
face_user_1_1333627714331;1.5;1;40;22116985;0
face_user_1_1333627714331;1.5;2;40;21626352;0
face_user_1_1333627714331;1.5;3;40;21881207;0
face_user_1_1333627714331;1.5;10;40;22004547;0
face_user_1_1333627713515;1.05;1;40;29103559;0
face_user_1_1333627713515;1.05;2;40;27723986;0
face_user_1_1333627713515;1.05;3;40;27846631;0
face_user_1_1333627713515;1.05;10;40;28676061;0
face_user_1_1333627713515;1.1;1;40;24141479;0
face_user_1_1333627713515;1.1;2;40;24129187;0
face_user_1_1333627713515;1.1;3;40;24236600;0
face_user_1_1333627713515;1.1;10;40;25139789;0
face_user_1_1333627713515;1.15;1;40;24090354;0
face_user_1_1333627713515;1.15;2;40;23452289;0
face_user_1_1333627713515;1.15;3;40;23745757;0
face_user_1_1333627713515;1.15;10;40;23817619;0
face_user_1_1333627713515;1.2;1;40;22474579;0
face_user_1_1333627713515;1.2;2;40;22369531;0
face_user_1_1333627713515;1.2;3;40;22737457;0
face_user_1_1333627713515;1.2;10;40;23078006;0
face_user_1_1333627713515;1.25;1;40;21896711;0
face_user_1_1333627713515;1.25;2;40;21884344;0
face_user_1_1333627713515;1.25;3;40;22323230;0
face_user_1_1333627713515;1.25;10;40;21820656;0
face_user_1_1333627713515;1.3;1;40;22404314;0
face_user_1_1333627713515;1.3;2;40;21933582;0
face_user_1_1333627713515;1.3;3;40;22230902;0
face_user_1_1333627713515;1.3;10;40;22410326;0
face_user_1_1333627713515;1.35;1;40;21542819;0
face_user_1_1333627713515;1.35;2;40;21474730;0
face_user_1_1333627713515;1.35;3;40;21678173;0
face_user_1_1333627713515;1.35;10;40;22009853;0
face_user_1_1333627713515;1.4;1;40;21412920;0
face_user_1_1333627713515;1.4;2;40;21406421;0
face_user_1_1333627713515;1.4;3;40;21582146;0
face_user_1_1333627713515;1.4;10;40;21493235;0
face_user_1_1333627713515;1.45;1;40;22074317;0
face_user_1_1333627713515;1.45;2;40;21626840;0
face_user_1_1333627713515;1.45;3;40;22104840;0
face_user_1_1333627713515;1.45;10;40;21874707;0
face_user_1_1333627713515;1.5;1;40;21561818;0
face_user_1_1333627713515;1.5;2;40;21383729;0
face_user_1_1333627713515;1.5;3;40;21578022;0
face_user_1_1333627713515;1.5;10;40;22108750;0
face_user_1_1333627709481;1.05;1;40;25829400;0
face_user_1_1333627709481;1.05;2;40;24436832;0
face_user_1_1333627709481;1.05;3;40;24705799;0
face_user_1_1333627709481;1.05;10;40;25681128;0
face_user_1_1333627709481;1.1;1;40;22867575;0
face_user_1_1333627709481;1.1;2;40;22443492;0
face_user_1_1333627709481;1.1;3;40;22629552;0
face_user_1_1333627709481;1.1;10;40;31110733;0
face_user_1_1333627709481;1.15;1;40;22730192;0
face_user_1_1333627709481;1.15;2;40;22435188;0
face_user_1_1333627709481;1.15;3;40;22327282;0
face_user_1_1333627709481;1.15;10;40;22446987;0
face_user_1_1333627709481;1.2;1;40;21587595;0
face_user_1_1333627709481;1.2;2;40;21566218;0
face_user_1_1333627709481;1.2;3;40;21921082;0
face_user_1_1333627709481;1.2;10;40;21920383;0
face_user_1_1333627709481;1.25;1;40;21057846;0
face_user_1_1333627709481;1.25;2;40;21382819;0
face_user_1_1333627709481;1.25;3;40;21487023;0
face_user_1_1333627709481;1.25;10;40;21172802;0
face_user_1_1333627709481;1.3;1;40;21549179;0
face_user_1_1333627709481;1.3;2;40;21287064;0
face_user_1_1333627709481;1.3;3;40;21231471;0
face_user_1_1333627709481;1.3;10;40;21403838;0
face_user_1_1333627709481;1.35;1;40;21147308;0
face_user_1_1333627709481;1.35;2;40;21023764;0
face_user_1_1333627709481;1.35;3;40;21073842;0
face_user_1_1333627709481;1.35;10;40;21028096;0
face_user_1_1333627709481;1.4;1;40;20809837;0
face_user_1_1333627709481;1.4;2;40;21361237;0
face_user_1_1333627709481;1.4;3;40;20947357;0
face_user_1_1333627709481;1.4;10;40;20703819;0
face_user_1_1333627709481;1.45;1;40;21428561;0
face_user_1_1333627709481;1.45;2;40;21538141;0
face_user_1_1333627709481;1.45;3;40;21218202;0
face_user_1_1333627709481;1.45;10;40;21574182;0
face_user_1_1333627709481;1.5;1;40;21031728;0
face_user_1_1333627709481;1.5;2;40;20987862;0
face_user_1_1333627709481;1.5;3;40;21105479;0
face_user_1_1333627709481;1.5;10;40;20829045;0
full_user_1_1333627706829;1.05;1;40;339577891;1
full_user_1_1333627706829;1.05;2;40;364359178;0
full_user_1_1333627706829;1.05;3;40;366545427;0
full_user_1_1333627706829;1.05;10;40;352314425;0
full_user_1_1333627706829;1.1;1;40;180671229;0
full_user_1_1333627706829;1.1;2;40;181254685;0
full_user_1_1333627706829;1.1;3;40;179035894;0
full_user_1_1333627706829;1.1;10;40;185323360;0
full_user_1_1333627706829;1.15;1;40;155764426;0
full_user_1_1333627706829;1.15;2;40;154980532;0
full_user_1_1333627706829;1.15;3;40;155930517;0
full_user_1_1333627706829;1.15;10;40;154265773;0
full_user_1_1333627706829;1.2;1;40;126404066;0
full_user_1_1333627706829;1.2;2;40;135640150;0
full_user_1_1333627706829;1.2;3;40;125375933;0
full_user_1_1333627706829;1.2;10;40;126220655;0
full_user_1_1333627706829;1.25;1;40;91954083;0
full_user_1_1333627706829;1.25;2;40;91775013;0
full_user_1_1333627706829;1.25;3;40;92062196;0
full_user_1_1333627706829;1.25;10;40;91933476;0
full_user_1_1333627706829;1.3;1;40;99604847;0
full_user_1_1333627706829;1.3;2;40;99492677;0
full_user_1_1333627706829;1.3;3;40;99676922;0
full_user_1_1333627706829;1.3;10;40;99851108;0
full_user_1_1333627706829;1.35;1;40;81783443;0
full_user_1_1333627706829;1.35;2;40;81268573;0
full_user_1_1333627706829;1.35;3;40;81891909;0
full_user_1_1333627706829;1.35;10;40;83305004;0
full_user_1_1333627706829;1.4;1;40;69951286;0
full_user_1_1333627706829;1.4;2;40;69041812;0
full_user_1_1333627706829;1.4;3;40;70155080;0
full_user_1_1333627706829;1.4;10;40;69713333;0
full_user_1_1333627706829;1.45;1;40;85806792;0
full_user_1_1333627706829;1.45;2;40;85543701;0
full_user_1_1333627706829;1.45;3;40;85387885;0
full_user_1_1333627706829;1.45;10;40;85777386;0
full_user_1_1333627706829;1.5;1;40;77807239;0
full_user_1_1333627706829;1.5;2;40;77775045;0
full_user_1_1333627706829;1.5;3;40;77538979;0
full_user_1_1333627706829;1.5;10;40;77864094;0
full_user_1_1333627711951;1.05;1;40;427853294;1
full_user_1_1333627711951;1.05;2;40;426093362;1
full_user_1_1333627711951;1.05;3;40;447627246;0
full_user_1_1333627711951;1.05;10;40;429145841;0
full_user_1_1333627711951;1.1;1;40;212134869;0
full_user_1_1333627711951;1.1;2;40;215547105;0
full_user_1_1333627711951;1.1;3;40;211604212;0
full_user_1_1333627711951;1.1;10;40;216865986;0
full_user_1_1333627711951;1.15;1;40;189552874;1
full_user_1_1333627711951;1.15;2;40;189434425;0
full_user_1_1333627711951;1.15;3;40;190192062;0
full_user_1_1333627711951;1.15;10;40;187366911;0
full_user_1_1333627711951;1.2;1;40;149259556;0
full_user_1_1333627711951;1.2;2;40;149871640;0
full_user_1_1333627711951;1.2;3;40;150038286;0
full_user_1_1333627711951;1.2;10;40;149871220;0
full_user_1_1333627711951;1.25;1;40;103285834;0
full_user_1_1333627711951;1.25;2;40;103357065;0
full_user_1_1333627711951;1.25;3;40;103394014;0
full_user_1_1333627711951;1.25;10;40;103390523;0
full_user_1_1333627711951;1.3;1;40;116353413;0
full_user_1_1333627711951;1.3;2;40;116282525;0
full_user_1_1333627711951;1.3;3;40;116199904;0
full_user_1_1333627711951;1.3;10;40;116182229;0
full_user_1_1333627711951;1.35;1;40;94518304;0
full_user_1_1333627711951;1.35;2;40;95108183;0
full_user_1_1333627711951;1.35;3;40;94234330;0
full_user_1_1333627711951;1.35;10;40;95386642;0
full_user_1_1333627711951;1.4;1;40;91233042;1
full_user_1_1333627711951;1.4;2;40;78594633;0
full_user_1_1333627711951;1.4;3;40;76151303;0
full_user_1_1333627711951;1.4;10;40;76618054;0
full_user_1_1333627711951;1.45;1;40;97400516;0
full_user_1_1333627711951;1.45;2;40;96991313;0
full_user_1_1333627711951;1.45;3;40;96976786;0
full_user_1_1333627711951;1.45;10;40;97039294;0
full_user_1_1333627711951;1.5;1;40;85979089;0
full_user_1_1333627711951;1.5;2;40;85621294;0
full_user_1_1333627711951;1.5;3;40;86760336;0
full_user_1_1333627711951;1.5;10;40;85834031;0
full_user_1_1333627713515;1.05;1;40;414659783;1
full_user_1_1333627713515;1.05;2;40;413867293;0
full_user_1_1333627713515;1.05;3;40;433824791;0
full_user_1_1333627713515;1.05;10;40;414332156;0
full_user_1_1333627713515;1.1;1;40;207222092;0
full_user_1_1333627713515;1.1;2;40;209301897;0
full_user_1_1333627713515;1.1;3;40;206811211;0
full_user_1_1333627713515;1.1;10;40;207963598;0
full_user_1_1333627713515;1.15;1;40;183516566;0
full_user_1_1333627713515;1.15;2;40;182899793;0
full_user_1_1333627713515;1.15;3;40;182822827;0
full_user_1_1333627713515;1.15;10;40;181284717;0
full_user_1_1333627713515;1.2;1;40;146064525;0
full_user_1_1333627713515;1.2;2;40;146520239;0
full_user_1_1333627713515;1.2;3;40;146662014;0
full_user_1_1333627713515;1.2;10;40;146583516;0
full_user_1_1333627713515;1.25;1;40;100442661;0
full_user_1_1333627713515;1.25;2;40;105468299;0
full_user_1_1333627713515;1.25;3;40;100600362;0
full_user_1_1333627713515;1.25;10;40;100526191;0
full_user_1_1333627713515;1.3;1;40;113239261;0
full_user_1_1333627713515;1.3;2;40;113484892;0
full_user_1_1333627713515;1.3;3;40;113529102;0
full_user_1_1333627713515;1.3;10;40;113845136;0
full_user_1_1333627713515;1.35;1;40;92782329;0
full_user_1_1333627713515;1.35;2;40;92635171;0
full_user_1_1333627713515;1.35;3;40;90621862;0
full_user_1_1333627713515;1.35;10;40;91636095;0
full_user_1_1333627713515;1.4;1;40;75812364;0
full_user_1_1333627713515;1.4;2;40;74892486;0
full_user_1_1333627713515;1.4;3;40;75693075;0
full_user_1_1333627713515;1.4;10;40;75575254;0
full_user_1_1333627713515;1.45;1;40;95130877;0
full_user_1_1333627713515;1.45;2;40;95443912;0
full_user_1_1333627713515;1.45;3;40;96141276;0
full_user_1_1333627713515;1.45;10;40;95443213;0
full_user_1_1333627713515;1.5;1;40;83775739;0
full_user_1_1333627713515;1.5;2;40;84086182;0
full_user_1_1333627713515;1.5;3;40;84247163;0
full_user_1_1333627713515;1.5;10;40;83922403;0
face_user_1_1333627711951;1.05;1;40;25412173;0
face_user_1_1333627711951;1.05;2;40;25149218;0
face_user_1_1333627711951;1.05;3;40;25469650;0
face_user_1_1333627711951;1.05;10;40;24980270;0
face_user_1_1333627711951;1.1;1;40;22368347;0
face_user_1_1333627711951;1.1;2;40;22677884;0
face_user_1_1333627711951;1.1;3;40;23041827;0
face_user_1_1333627711951;1.1;10;40;22314499;0
face_user_1_1333627711951;1.15;1;40;22458792;0
face_user_1_1333627711951;1.15;2;40;22489103;0
face_user_1_1333627711951;1.15;3;40;22247032;0
face_user_1_1333627711951;1.15;10;40;22726635;0
face_user_1_1333627711951;1.2;1;40;21786287;0
face_user_1_1333627711951;1.2;2;40;21697943;0
face_user_1_1333627711951;1.2;3;40;21867723;0
face_user_1_1333627711951;1.2;10;40;22374426;0
face_user_1_1333627711951;1.25;1;40;21138095;0
face_user_1_1333627711951;1.25;2;40;21490162;0
face_user_1_1333627711951;1.25;3;40;21459013;0
face_user_1_1333627711951;1.25;10;40;21313323;0
face_user_1_1333627711951;1.3;1;40;21918223;0
face_user_1_1333627711951;1.3;2;40;21301170;0
face_user_1_1333627711951;1.3;3;40;21251727;0
face_user_1_1333627711951;1.3;10;40;21490300;0
face_user_1_1333627711951;1.35;1;40;21324224;0
face_user_1_1333627711951;1.35;2;40;21267159;0
face_user_1_1333627711951;1.35;3;40;21411171;0
face_user_1_1333627711951;1.35;10;40;21194385;0
face_user_1_1333627711951;1.4;1;40;20891905;0
face_user_1_1333627711951;1.4;2;40;21243832;0
face_user_1_1333627711951;1.4;3;40;20981300;0
face_user_1_1333627711951;1.4;10;40;20787977;0
face_user_1_1333627711951;1.45;1;40;21510765;0
face_user_1_1333627711951;1.45;2;40;21743198;0
face_user_1_1333627711951;1.45;3;40;21324920;0
face_user_1_1333627711951;1.45;10;40;21505389;0
face_user_1_1333627711951;1.5;1;40;21165470;0
face_user_1_1333627711951;1.5;2;40;21121962;0
face_user_1_1333627711951;1.5;3;40;21350128;0
face_user_1_1333627711951;1.5;10;40;21070277;0
full_user_1_1333627702033;1.05;1;40;391615235;0
full_user_1_1333627702033;1.05;2;40;375599300;0
full_user_1_1333627702033;1.05;3;40;370239538;0
full_user_1_1333627702033;1.05;10;40;374012924;0
full_user_1_1333627702033;1.1;1;40;193300068;1
full_user_1_1333627702033;1.1;2;40;192115352;0
full_user_1_1333627702033;1.1;3;40;196508506;0
full_user_1_1333627702033;1.1;10;40;189322959;0
full_user_1_1333627702033;1.15;1;40;168460878;0
full_user_1_1333627702033;1.15;2;40;168387124;0
full_user_1_1333627702033;1.15;3;40;168489095;0
full_user_1_1333627702033;1.15;10;40;168766500;0
full_user_1_1333627702033;1.2;1;40;133717426;0
full_user_1_1333627702033;1.2;2;40;134526532;0
full_user_1_1333627702033;1.2;3;40;134637651;0
full_user_1_1333627702033;1.2;10;40;134890481;0
full_user_1_1333627702033;1.25;1;40;94559652;0
full_user_1_1333627702033;1.25;2;40;94848443;0
full_user_1_1333627702033;1.25;3;40;94594570;0
full_user_1_1333627702033;1.25;10;40;94641992;0
full_user_1_1333627702033;1.3;1;40;105089550;0
full_user_1_1333627702033;1.3;2;40;105193892;0
full_user_1_1333627702033;1.3;3;40;105226440;0
full_user_1_1333627702033;1.3;10;40;105523408;0
full_user_1_1333627702033;1.35;1;40;93590674;0
full_user_1_1333627702033;1.35;2;40;85775361;0
full_user_1_1333627702033;1.35;3;40;85511293;0
full_user_1_1333627702033;1.35;10;40;86055286;0
full_user_1_1333627702033;1.4;1;40;72798224;0
full_user_1_1333627702033;1.4;2;40;72242986;0
full_user_1_1333627702033;1.4;3;40;72028710;0
full_user_1_1333627702033;1.4;10;40;72752133;0
full_user_1_1333627702033;1.45;1;40;88727066;0
full_user_1_1333627702033;1.45;2;40;88955794;0
full_user_1_1333627702033;1.45;3;40;88988338;0
full_user_1_1333627702033;1.45;10;40;89071945;0
full_user_1_1333627702033;1.5;1;40;78807507;0
full_user_1_1333627702033;1.5;2;40;79857710;0
full_user_1_1333627702033;1.5;3;40;79967711;0
full_user_1_1333627702033;1.5;10;40;79798905;0
full_user_1_1333627715130;1.05;1;40;383170443;1
full_user_1_1333627715130;1.05;2;40;381966799;1
full_user_1_1333627715130;1.05;3;40;408468567;1
full_user_1_1333627715130;1.05;10;40;381210350;0
full_user_1_1333627715130;1.1;1;40;192525181;0
full_user_1_1333627715130;1.1;2;40;192075472;0
full_user_1_1333627715130;1.1;3;40;194429404;0
full_user_1_1333627715130;1.1;10;40;193158780;0
full_user_1_1333627715130;1.15;1;40;168098753;1
full_user_1_1333627715130;1.15;2;40;166844817;0
full_user_1_1333627715130;1.15;3;40;166754658;0
full_user_1_1333627715130;1.15;10;40;166932542;0
full_user_1_1333627715130;1.2;1;40;135511085;0
full_user_1_1333627715130;1.2;2;40;136181842;0
full_user_1_1333627715130;1.2;3;40;136622541;0
full_user_1_1333627715130;1.2;10;40;136793654;0
full_user_1_1333627715130;1.25;1;40;95069561;0
full_user_1_1333627715130;1.25;2;40;95161611;0
full_user_1_1333627715130;1.25;3;40;95169225;0
full_user_1_1333627715130;1.25;10;40;95042463;0
full_user_1_1333627715130;1.3;1;40;107274887;0
full_user_1_1333627715130;1.3;2;40;107576388;0
full_user_1_1333627715130;1.3;3;40;107411146;0
full_user_1_1333627715130;1.3;10;40;107197290;0
full_user_1_1333627715130;1.35;1;40;84173833;0
full_user_1_1333627715130;1.35;2;40;83677122;0
full_user_1_1333627715130;1.35;3;40;83374777;0
full_user_1_1333627715130;1.35;10;40;83964729;0
full_user_1_1333627715130;1.4;1;40;72319461;0
full_user_1_1333627715130;1.4;2;40;72212325;0
full_user_1_1333627715130;1.4;3;40;71245723;0
full_user_1_1333627715130;1.4;10;40;72015933;0
full_user_1_1333627715130;1.45;1;40;88578091;0
full_user_1_1333627715130;1.45;2;40;88746343;0
full_user_1_1333627715130;1.45;3;40;89997408;0
full_user_1_1333627715130;1.45;10;40;89460605;0
full_user_1_1333627715130;1.5;1;40;79644907;0
full_user_1_1333627715130;1.5;2;40;79900034;0
full_user_1_1333627715130;1.5;3;40;79841786;0
full_user_1_1333627715130;1.5;10;40;79815598;0
face_user_1_1333627715917;1.05;1;40;34694843;0
face_user_1_1333627715917;1.05;2;40;33988542;0
face_user_1_1333627715917;1.05;3;40;34274050;0
face_user_1_1333627715917;1.05;10;40;34487346;0
face_user_1_1333627715917;1.1;1;40;27297188;0
face_user_1_1333627715917;1.1;2;40;27234820;0
face_user_1_1333627715917;1.1;3;40;27049596;0
face_user_1_1333627715917;1.1;10;40;27393150;0
face_user_1_1333627715917;1.15;1;40;25837711;0
face_user_1_1333627715917;1.15;2;40;26080065;0
face_user_1_1333627715917;1.15;3;40;26061482;0
face_user_1_1333627715917;1.15;10;40;25637759;0
face_user_1_1333627715917;1.2;1;40;24607946;0
face_user_1_1333627715917;1.2;2;40;24595583;0
face_user_1_1333627715917;1.2;3;40;24596709;0
face_user_1_1333627715917;1.2;10;40;24448149;0
face_user_1_1333627715917;1.25;1;40;22910872;0
face_user_1_1333627715917;1.25;2;40;23214753;0
face_user_1_1333627715917;1.25;3;40;23000693;0
face_user_1_1333627715917;1.25;10;40;22956621;0
face_user_1_1333627715917;1.3;1;40;23312952;0
face_user_1_1333627715917;1.3;2;40;23659712;0
face_user_1_1333627715917;1.3;3;40;23400599;0
face_user_1_1333627715917;1.3;10;40;23976444;0
face_user_1_1333627715917;1.35;1;40;22460818;0
face_user_1_1333627715917;1.35;2;40;22554684;0
face_user_1_1333627715917;1.35;3;40;22522418;0
face_user_1_1333627715917;1.35;10;40;22549864;0
face_user_1_1333627715917;1.4;1;40;21918710;0
face_user_1_1333627715917;1.4;2;40;21867303;0
face_user_1_1333627715917;1.4;3;40;21845653;0
face_user_1_1333627715917;1.4;10;40;22013905;0
face_user_1_1333627715917;1.45;1;40;23095183;0
face_user_1_1333627715917;1.45;2;40;22740816;0
face_user_1_1333627715917;1.45;3;40;22754429;0
face_user_1_1333627715917;1.45;10;40;22904657;0
face_user_1_1333627715917;1.5;1;40;22635282;0
face_user_1_1333627715917;1.5;2;40;22725304;0
face_user_1_1333627715917;1.5;3;40;23537491;0
face_user_1_1333627715917;1.5;10;40;22745351;0
face_user_1_1333627702033;1.05;1;40;46616402;0
face_user_1_1333627702033;1.05;2;40;37282253;0
face_user_1_1333627702033;1.05;3;40;41270126;0
face_user_1_1333627702033;1.05;10;40;37867874;0
face_user_1_1333627702033;1.1;1;40;29265175;0
face_user_1_1333627702033;1.1;2;40;28916316;0
face_user_1_1333627702033;1.1;3;40;28688423;0
face_user_1_1333627702033;1.1;10;40;29117600;0
face_user_1_1333627702033;1.15;1;40;27866463;0
face_user_1_1333627702033;1.15;2;40;27841668;0
face_user_1_1333627702033;1.15;3;40;27219454;0
face_user_1_1333627702033;1.15;10;40;27553991;0
face_user_1_1333627702033;1.2;1;40;25548431;0
face_user_1_1333627702033;1.2;2;40;25798460;0
face_user_1_1333627702033;1.2;3;40;25836664;0
face_user_1_1333627702033;1.2;10;40;25877035;0
face_user_1_1333627702033;1.25;1;40;24496898;0
face_user_1_1333627702033;1.25;2;40;24419939;0
face_user_1_1333627702033;1.25;3;40;23931045;0
face_user_1_1333627702033;1.25;10;40;24484817;0
face_user_1_1333627702033;1.3;1;40;24305813;0
face_user_1_1333627702033;1.3;2;40;24814540;0
face_user_1_1333627702033;1.3;3;40;24019253;0
face_user_1_1333627702033;1.3;10;40;24172769;0
face_user_1_1333627702033;1.35;1;40;23131153;0
face_user_1_1333627702033;1.35;2;40;23595740;0
face_user_1_1333627702033;1.35;3;40;23472049;0
face_user_1_1333627702033;1.35;10;40;23518215;0
face_user_1_1333627702033;1.4;1;40;23259520;0
face_user_1_1333627702033;1.4;2;40;23238295;0
face_user_1_1333627702033;1.4;3;40;22920233;0
face_user_1_1333627702033;1.4;10;40;23252046;0
face_user_1_1333627702033;1.45;1;40;24169484;0
face_user_1_1333627702033;1.45;2;40;24207060;0
face_user_1_1333627702033;1.45;3;40;23716284;0
face_user_1_1333627702033;1.45;10;40;23954719;0
face_user_1_1333627702033;1.5;1;40;23653847;0
face_user_1_1333627702033;1.5;2;40;23550970;0
face_user_1_1333627702033;1.5;3;40;23350595;0
face_user_1_1333627702033;1.5;10;40;23528829;0
face_user_1_1333627705785;1.05;1;40;32446932;0
face_user_1_1333627705785;1.05;2;40;32280713;0
face_user_1_1333627705785;1.05;3;40;32355300;0
face_user_1_1333627705785;1.05;10;40;32552532;0
face_user_1_1333627705785;1.1;1;40;26778829;0
face_user_1_1333627705785;1.1;2;40;26829108;0
face_user_1_1333627705785;1.1;3;40;26398261;0
face_user_1_1333627705785;1.1;10;40;26693754;0
face_user_1_1333627705785;1.15;1;40;25740917;0
face_user_1_1333627705785;1.15;2;40;26236573;0
face_user_1_1333627705785;1.15;3;40;25575462;0
face_user_1_1333627705785;1.15;10;40;25356226;0
face_user_1_1333627705785;1.2;1;40;24411624;0
face_user_1_1333627705785;1.2;2;40;23867423;0
face_user_1_1333627705785;1.2;3;40;23857294;0
face_user_1_1333627705785;1.2;10;40;23851146;0
face_user_1_1333627705785;1.25;1;40;22753522;0
face_user_1_1333627705785;1.25;2;40;22769026;0
face_user_1_1333627705785;1.25;3;40;22786207;0
face_user_1_1333627705785;1.25;10;40;22990914;0
face_user_1_1333627705785;1.3;1;40;23078494;0
face_user_1_1333627705785;1.3;2;40;22976525;0
face_user_1_1333627705785;1.3;3;40;23041266;0
face_user_1_1333627705785;1.3;10;40;23370708;0
face_user_1_1333627705785;1.35;1;40;22378546;0
face_user_1_1333627705785;1.35;2;40;22330212;0
face_user_1_1333627705785;1.35;3;40;22372888;0
face_user_1_1333627705785;1.35;10;40;22421218;0
face_user_1_1333627705785;1.4;1;40;21754720;0
face_user_1_1333627705785;1.4;2;40;21780983;0
face_user_1_1333627705785;1.4;3;40;21736631;0
face_user_1_1333627705785;1.4;10;40;21849776;0
face_user_1_1333627705785;1.45;1;40;22725305;0
face_user_1_1333627705785;1.45;2;40;22796196;0
face_user_1_1333627705785;1.45;3;40;22895090;0
face_user_1_1333627705785;1.45;10;40;22930642;0
face_user_1_1333627705785;1.5;1;40;22495247;0
face_user_1_1333627705785;1.5;2;40;22357802;0
face_user_1_1333627705785;1.5;3;40;22457604;0
face_user_1_1333627705785;1.5;10;40;28996356;0
face_user_1_1333627712763;1.05;1;40;26676993;0
face_user_1_1333627712763;1.05;2;40;28321828;0
face_user_1_1333627712763;1.05;3;40;25953930;0
face_user_1_1333627712763;1.05;10;40;25464622;0
face_user_1_1333627712763;1.1;1;40;25238613;0
face_user_1_1333627712763;1.1;2;40;23469954;0
face_user_1_1333627712763;1.1;3;40;23368196;0
face_user_1_1333627712763;1.1;10;40;22942931;0
face_user_1_1333627712763;1.15;1;40;22321553;0
face_user_1_1333627712763;1.15;2;40;22806112;0
face_user_1_1333627712763;1.15;3;40;22484492;0
face_user_1_1333627712763;1.15;10;40;22620615;0
face_user_1_1333627712763;1.2;1;40;21714562;0
face_user_1_1333627712763;1.2;2;40;22296413;0
face_user_1_1333627712763;1.2;3;40;22077037;0
face_user_1_1333627712763;1.2;10;40;21733771;0
face_user_1_1333627712763;1.25;1;40;21171549;0
face_user_1_1333627712763;1.25;2;40;21757096;0
face_user_1_1333627712763;1.25;3;40;21751998;0
face_user_1_1333627712763;1.25;10;40;21478779;0
face_user_1_1333627712763;1.3;1;40;21352296;0
face_user_1_1333627712763;1.3;2;40;21559935;0
face_user_1_1333627712763;1.3;3;40;21633617;0
face_user_1_1333627712763;1.3;10;40;21848518;0
face_user_1_1333627712763;1.35;1;40;21178390;0
face_user_1_1333627712763;1.35;2;40;21635083;0
face_user_1_1333627712763;1.35;3;40;21520474;0
face_user_1_1333627712763;1.35;10;40;21227491;0
face_user_1_1333627712763;1.4;1;40;20859985;0
face_user_1_1333627712763;1.4;2;40;21306760;0
face_user_1_1333627712763;1.4;3;40;21404819;0
face_user_1_1333627712763;1.4;10;40;21119375;0
face_user_1_1333627712763;1.45;1;40;21350132;0
face_user_1_1333627712763;1.45;2;40;21732650;0
face_user_1_1333627712763;1.45;3;40;21516003;0
face_user_1_1333627712763;1.45;10;40;21620279;0
face_user_1_1333627712763;1.5;1;40;21224557;0
face_user_1_1333627712763;1.5;2;40;22272035;0
face_user_1_1333627712763;1.5;3;40;21545688;0
face_user_1_1333627712763;1.5;10;40;21226930;0
full_user_1_1333627705785;1.05;1;40;350859352;1
full_user_1_1333627705785;1.05;2;40;356154233;0
full_user_1_1333627705785;1.05;3;40;359048311;0
full_user_1_1333627705785;1.05;10;40;366251043;0
full_user_1_1333627705785;1.1;1;40;182066171;0
full_user_1_1333627705785;1.1;2;40;184651340;0
full_user_1_1333627705785;1.1;3;40;181998638;0
full_user_1_1333627705785;1.1;10;40;182211508;0
full_user_1_1333627705785;1.15;1;40;157637994;0
full_user_1_1333627705785;1.15;2;40;157879499;0
full_user_1_1333627705785;1.15;3;40;157647772;0
full_user_1_1333627705785;1.15;10;40;155822470;0
full_user_1_1333627705785;1.2;1;40;127036826;0
full_user_1_1333627705785;1.2;2;40;127165196;0
full_user_1_1333627705785;1.2;3;40;127331835;0
full_user_1_1333627705785;1.2;10;40;127361028;0
full_user_1_1333627705785;1.25;1;40;92721636;0
full_user_1_1333627705785;1.25;2;40;92691675;0
full_user_1_1333627705785;1.25;3;40;92899733;0
full_user_1_1333627705785;1.25;10;40;92919429;0
full_user_1_1333627705785;1.3;1;40;101982100;0
full_user_1_1333627705785;1.3;2;40;101981404;0
full_user_1_1333627705785;1.3;3;40;102133800;0
full_user_1_1333627705785;1.3;10;40;102522251;0
full_user_1_1333627705785;1.35;1;40;82681536;0
full_user_1_1333627705785;1.35;2;40;83185928;0
full_user_1_1333627705785;1.35;3;40;83091851;0
full_user_1_1333627705785;1.35;10;40;82669103;0
full_user_1_1333627705785;1.4;1;40;69960153;0
full_user_1_1333627705785;1.4;2;40;69842611;0
full_user_1_1333627705785;1.4;3;40;69372438;0
full_user_1_1333627705785;1.4;10;40;69654599;0
full_user_1_1333627705785;1.45;1;40;85652581;0
full_user_1_1333627705785;1.45;2;40;85535737;0
full_user_1_1333627705785;1.45;3;40;85934741;0
full_user_1_1333627705785;1.45;10;40;85811470;0
full_user_1_1333627705785;1.5;1;40;79015425;0
full_user_1_1333627705785;1.5;2;40;78012437;0
full_user_1_1333627705785;1.5;3;40;78270984;0
full_user_1_1333627705785;1.5;10;40;77410472;0
full_user_1_1333627716640;1.05;1;40;387398635;1
full_user_1_1333627716640;1.05;2;40;392113970;0
full_user_1_1333627716640;1.05;3;40;410873826;0
full_user_1_1333627716640;1.05;10;40;396686408;0
full_user_1_1333627716640;1.1;1;40;196880762;0
full_user_1_1333627716640;1.1;2;40;198229470;0
full_user_1_1333627716640;1.1;3;40;199022585;0
full_user_1_1333627716640;1.1;10;40;198816203;0
full_user_1_1333627716640;1.15;1;40;170375717;0
full_user_1_1333627716640;1.15;2;40;170511623;0
full_user_1_1333627716640;1.15;3;40;170098101;0
full_user_1_1333627716640;1.15;10;40;170967827;0
full_user_1_1333627716640;1.2;1;40;139469485;0
full_user_1_1333627716640;1.2;2;40;140130878;0
full_user_1_1333627716640;1.2;3;40;140447888;0
full_user_1_1333627716640;1.2;10;40;140635061;0
full_user_1_1333627716640;1.25;1;40;95956406;0
full_user_1_1333627716640;1.25;2;40;97767670;0
full_user_1_1333627716640;1.25;3;40;96446694;0
full_user_1_1333627716640;1.25;10;40;96513739;0
full_user_1_1333627716640;1.3;1;40;108948840;0
full_user_1_1333627716640;1.3;2;40;108710189;0
full_user_1_1333627716640;1.3;3;40;108689172;0
full_user_1_1333627716640;1.3;10;40;108826132;0
full_user_1_1333627716640;1.35;1;40;86208659;0
full_user_1_1333627716640;1.35;2;40;86868029;0
full_user_1_1333627716640;1.35;3;40;87533477;0
full_user_1_1333627716640;1.35;10;40;86368176;0
full_user_1_1333627716640;1.4;1;40;73175507;0
full_user_1_1333627716640;1.4;2;40;74245265;0
full_user_1_1333627716640;1.4;3;40;72475070;0
full_user_1_1333627716640;1.4;10;40;72786560;0
full_user_1_1333627716640;1.45;1;40;90696168;0
full_user_1_1333627716640;1.45;2;40;90769643;0
full_user_1_1333627716640;1.45;3;40;90418971;0
full_user_1_1333627716640;1.45;10;40;90475125;0
full_user_1_1333627716640;1.5;1;40;80683792;0
full_user_1_1333627716640;1.5;2;40;80866008;0
full_user_1_1333627716640;1.5;3;40;80479649;0
full_user_1_1333627716640;1.5;10;40;80420701;0
full_user_1_1333627708537;1.05;1;40;410793440;0
full_user_1_1333627708537;1.05;2;40;412710515;0
full_user_1_1333627708537;1.05;3;40;438105081;0
full_user_1_1333627708537;1.05;10;40;408816093;0
full_user_1_1333627708537;1.1;1;40;207027724;0
full_user_1_1333627708537;1.1;2;40;222890216;0
full_user_1_1333627708537;1.1;3;40;234673486;0
full_user_1_1333627708537;1.1;10;40;209047044;0
full_user_1_1333627708537;1.15;1;40;180724868;0
full_user_1_1333627708537;1.15;2;40;180538389;0
full_user_1_1333627708537;1.15;3;40;180543142;0
full_user_1_1333627708537;1.15;10;40;181238899;0
full_user_1_1333627708537;1.2;1;40;142389548;0
full_user_1_1333627708537;1.2;2;40;142789455;0
full_user_1_1333627708537;1.2;3;40;143458956;0
full_user_1_1333627708537;1.2;10;40;143445615;0
full_user_1_1333627708537;1.25;1;40;100991754;0
full_user_1_1333627708537;1.25;2;40;100348444;0
full_user_1_1333627708537;1.25;3;40;100385950;0
full_user_1_1333627708537;1.25;10;40;100390284;0
full_user_1_1333627708537;1.3;1;40;111458162;1
full_user_1_1333627708537;1.3;2;40;111810167;0
full_user_1_1333627708537;1.3;3;40;111418080;0
full_user_1_1333627708537;1.3;10;40;111832165;0
full_user_1_1333627708537;1.35;1;40;90400533;0
full_user_1_1333627708537;1.35;2;40;90273422;0
full_user_1_1333627708537;1.35;3;40;90401648;0
full_user_1_1333627708537;1.35;10;40;90160139;0
full_user_1_1333627708537;1.4;1;40;74546838;0
full_user_1_1333627708537;1.4;2;40;74468900;0
full_user_1_1333627708537;1.4;3;40;73236684;0
full_user_1_1333627708537;1.4;10;40;74017444;0
full_user_1_1333627708537;1.45;1;40;95437835;0
full_user_1_1333627708537;1.45;2;40;95890825;0
full_user_1_1333627708537;1.45;3;40;95105320;0
full_user_1_1333627708537;1.45;10;40;95018297;0
full_user_1_1333627708537;1.5;1;40;83984213;0
full_user_1_1333627708537;1.5;2;40;83911302;0
full_user_1_1333627708537;1.5;3;40;83956905;0
full_user_1_1333627708537;1.5;10;40;84025907;0
full_user_1_1333627710206;1.05;1;40;417247055;1
full_user_1_1333627710206;1.05;2;40;426360084;0
full_user_1_1333627710206;1.05;3;40;441966261;0
full_user_1_1333627710206;1.05;10;40;418738931;0
full_user_1_1333627710206;1.1;1;40;227492964;0
full_user_1_1333627710206;1.1;2;40;207854435;0
full_user_1_1333627710206;1.1;3;40;208250229;0
full_user_1_1333627710206;1.1;10;40;207712161;0
full_user_1_1333627710206;1.15;1;40;186421685;0
full_user_1_1333627710206;1.15;2;40;186275084;0
full_user_1_1333627710206;1.15;3;40;186263280;0
full_user_1_1333627710206;1.15;10;40;185816996;0
full_user_1_1333627710206;1.2;1;40;147790581;0
full_user_1_1333627710206;1.2;2;40;147581546;0
full_user_1_1333627710206;1.2;3;40;147684493;0
full_user_1_1333627710206;1.2;10;40;147982505;0
full_user_1_1333627710206;1.25;1;40;100067543;0
full_user_1_1333627710206;1.25;2;40;100066149;0
full_user_1_1333627710206;1.25;3;40;100422544;0
full_user_1_1333627710206;1.25;10;40;101279012;0
full_user_1_1333627710206;1.3;1;40;118946900;0
full_user_1_1333627710206;1.3;2;40;114084970;0
full_user_1_1333627710206;1.3;3;40;113824669;0
full_user_1_1333627710206;1.3;10;40;113858401;0
full_user_1_1333627710206;1.35;1;40;91126674;0
full_user_1_1333627710206;1.35;2;40;92966010;0
full_user_1_1333627710206;1.35;3;40;90375181;0
full_user_1_1333627710206;1.35;10;40;92701526;0
full_user_1_1333627710206;1.4;1;40;75296655;0
full_user_1_1333627710206;1.4;2;40;75800909;0
full_user_1_1333627710206;1.4;3;40;75532231;0
full_user_1_1333627710206;1.4;10;40;74813632;0
full_user_1_1333627710206;1.45;1;40;95459834;0
full_user_1_1333627710206;1.45;2;40;95185638;0
full_user_1_1333627710206;1.45;3;40;94984916;0
full_user_1_1333627710206;1.45;10;40;94701360;0
full_user_1_1333627710206;1.5;1;40;84778309;0
full_user_1_1333627710206;1.5;2;40;84882161;0
full_user_1_1333627710206;1.5;3;40;84587574;0
full_user_1_1333627710206;1.5;10;40;85846041;0
face_user_1_1333627706829;1.05;1;40;31456725;1
face_user_1_1333627706829;1.05;2;40;31657028;0
face_user_1_1333627706829;1.05;3;40;31717789;0
face_user_1_1333627706829;1.05;10;40;31852027;0
face_user_1_1333627706829;1.1;1;40;26338056;0
face_user_1_1333627706829;1.1;2;40;25606051;0
face_user_1_1333627706829;1.1;3;40;25923127;0
face_user_1_1333627706829;1.1;10;40;25378439;0
face_user_1_1333627706829;1.15;1;40;24957780;0
face_user_1_1333627706829;1.15;2;40;24973778;0
face_user_1_1333627706829;1.15;3;40;24768863;0
face_user_1_1333627706829;1.15;10;40;25119743;0
face_user_1_1333627706829;1.2;1;40;23673263;1
face_user_1_1333627706829;1.2;2;40;23698824;0
face_user_1_1333627706829;1.2;3;40;23641063;0
face_user_1_1333627706829;1.2;10;40;23920150;0
face_user_1_1333627706829;1.25;1;40;23573320;0
face_user_1_1333627706829;1.25;2;40;22594216;0
face_user_1_1333627706829;1.25;3;40;22449991;0
face_user_1_1333627706829;1.25;10;40;22734805;0
face_user_1_1333627706829;1.3;1;40;22951871;0
face_user_1_1333627706829;1.3;2;40;23208188;0
face_user_1_1333627706829;1.3;3;40;22972193;0
face_user_1_1333627706829;1.3;10;40;22973246;0
face_user_1_1333627706829;1.35;1;40;22219932;0
face_user_1_1333627706829;1.35;2;40;22350328;0
face_user_1_1333627706829;1.35;3;40;22268684;0
face_user_1_1333627706829;1.35;10;40;22156378;0
face_user_1_1333627706829;1.4;1;40;21553371;0
face_user_1_1333627706829;1.4;2;40;21632290;0
face_user_1_1333627706829;1.4;3;40;22159313;0
face_user_1_1333627706829;1.4;10;40;21656455;0
face_user_1_1333627706829;1.45;1;40;22535618;0
face_user_1_1333627706829;1.45;2;40;22647083;0
face_user_1_1333627706829;1.45;3;40;22816033;0
face_user_1_1333627706829;1.45;10;40;22938321;0
face_user_1_1333627706829;1.5;1;40;22082487;0
face_user_1_1333627706829;1.5;2;40;22348930;0
face_user_1_1333627706829;1.5;3;40;22293828;0
face_user_1_1333627706829;1.5;10;40;22304301;0
full_user_1_1333627709481;1.05;1;40;427961125;1
full_user_1_1333627709481;1.05;2;40;417652061;0
full_user_1_1333627709481;1.05;3;40;414680320;0
full_user_1_1333627709481;1.05;10;40;416444996;0
full_user_1_1333627709481;1.1;1;40;207677667;0
full_user_1_1333627709481;1.1;2;40;208123949;0
full_user_1_1333627709481;1.1;3;40;210156193;0
full_user_1_1333627709481;1.1;10;40;208142880;0
full_user_1_1333627709481;1.15;1;40;184682284;1
full_user_1_1333627709481;1.15;2;40;183303480;0
full_user_1_1333627709481;1.15;3;40;183434638;0
full_user_1_1333627709481;1.15;10;40;183552947;0
full_user_1_1333627709481;1.2;1;40;149025584;0
full_user_1_1333627709481;1.2;2;40;146413801;0
full_user_1_1333627709481;1.2;3;40;146958284;0
full_user_1_1333627709481;1.2;10;40;147866219;0
full_user_1_1333627709481;1.25;1;40;100368210;0
full_user_1_1333627709481;1.25;2;40;98966286;0
full_user_1_1333627709481;1.25;3;40;99733424;0
full_user_1_1333627709481;1.25;10;40;104479627;0
full_user_1_1333627709481;1.3;1;40;113836053;0
full_user_1_1333627709481;1.3;2;40;113670113;0
full_user_1_1333627709481;1.3;3;40;114269697;0
full_user_1_1333627709481;1.3;10;40;113664666;0
full_user_1_1333627709481;1.35;1;40;100008457;0
full_user_1_1333627709481;1.35;2;40;90312811;0
full_user_1_1333627709481;1.35;3;40;88766805;0
full_user_1_1333627709481;1.35;10;40;88725320;0
full_user_1_1333627709481;1.4;1;40;75570012;0
full_user_1_1333627709481;1.4;2;40;75413573;0
full_user_1_1333627709481;1.4;3;40;75201181;0
full_user_1_1333627709481;1.4;10;40;75462533;0
full_user_1_1333627709481;1.45;1;40;92323609;0
full_user_1_1333627709481;1.45;2;40;93110654;0
full_user_1_1333627709481;1.45;3;40;91700980;0
full_user_1_1333627709481;1.45;10;40;92317813;0
full_user_1_1333627709481;1.5;1;40;83523258;0
full_user_1_1333627709481;1.5;2;40;83593943;0
full_user_1_1333627709481;1.5;3;40;84377559;0
full_user_1_1333627709481;1.5;10;40;84668590;0
full_user_1_1333627714331;1.05;1;40;398487335;1
full_user_1_1333627714331;1.05;2;40;405071905;0
full_user_1_1333627714331;1.05;3;40;429836991;0
full_user_1_1333627714331;1.05;10;40;401600721;0
full_user_1_1333627714331;1.1;1;40;202315603;0
full_user_1_1333627714331;1.1;2;40;200964804;0
full_user_1_1333627714331;1.1;3;40;201377980;0
full_user_1_1333627714331;1.1;10;40;200838111;0
full_user_1_1333627714331;1.15;1;40;178306194;0
full_user_1_1333627714331;1.15;2;40;178335177;0
full_user_1_1333627714331;1.15;3;40;178409281;0
full_user_1_1333627714331;1.15;10;40;178984703;0
full_user_1_1333627714331;1.2;1;40;142387169;0
full_user_1_1333627714331;1.2;2;40;142492702;0
full_user_1_1333627714331;1.2;3;40;142585798;0
full_user_1_1333627714331;1.2;10;40;143631536;0
full_user_1_1333627714331;1.25;1;40;100278322;0
full_user_1_1333627714331;1.25;2;40;97948349;0
full_user_1_1333627714331;1.25;3;40;98547519;0
full_user_1_1333627714331;1.25;10;40;98817595;0
full_user_1_1333627714331;1.3;1;40;110745086;0
full_user_1_1333627714331;1.3;2;40;110462652;0
full_user_1_1333627714331;1.3;3;40;110394065;0
full_user_1_1333627714331;1.3;10;40;110982617;0
full_user_1_1333627714331;1.35;1;40;89309964;0
full_user_1_1333627714331;1.35;2;40;90575625;0
full_user_1_1333627714331;1.35;3;40;90772574;0
full_user_1_1333627714331;1.35;10;40;90830268;0
full_user_1_1333627714331;1.4;1;40;73703712;0
full_user_1_1333627714331;1.4;2;40;73685140;0
full_user_1_1333627714331;1.4;3;40;73195828;0
full_user_1_1333627714331;1.4;10;40;73676759;0
full_user_1_1333627714331;1.45;1;40;94453213;0
full_user_1_1333627714331;1.45;2;40;94502940;0
full_user_1_1333627714331;1.45;3;40;92842395;0
full_user_1_1333627714331;1.45;10;40;93225890;0
full_user_1_1333627714331;1.5;1;40;84868053;0
full_user_1_1333627714331;1.5;2;40;82550793;0
full_user_1_1333627714331;1.5;3;40;83651350;0
full_user_1_1333627714331;1.5;10;40;83328125;0
face_user_1_1333627715130;1.05;1;40;31866554;1
face_user_1_1333627715130;1.05;2;40;32207095;1
face_user_1_1333627715130;1.05;3;40;32492194;1
face_user_1_1333627715130;1.05;10;40;32832666;1
face_user_1_1333627715130;1.1;1;40;27616429;1
face_user_1_1333627715130;1.1;2;40;26104926;1
face_user_1_1333627715130;1.1;3;40;25757816;0
face_user_1_1333627715130;1.1;10;40;26133981;0
face_user_1_1333627715130;1.15;1;40;25648651;1
face_user_1_1333627715130;1.15;2;40;25581115;0
face_user_1_1333627715130;1.15;3;40;24947937;0
face_user_1_1333627715130;1.15;10;40;25006880;0
face_user_1_1333627715130;1.2;1;40;24392488;1
face_user_1_1333627715130;1.2;2;40;24739180;1
face_user_1_1333627715130;1.2;3;40;24476716;0
face_user_1_1333627715130;1.2;10;40;24043352;0
face_user_1_1333627715130;1.25;1;40;22261071;0
face_user_1_1333627715130;1.25;2;40;22816730;0
face_user_1_1333627715130;1.25;3;40;22967583;0
face_user_1_1333627715130;1.25;10;40;22777478;0
face_user_1_1333627715130;1.3;1;40;22929941;1
face_user_1_1333627715130;1.3;2;40;22925681;1
face_user_1_1333627715130;1.3;3;40;23098329;0
face_user_1_1333627715130;1.3;10;40;23458642;0
face_user_1_1333627715130;1.35;1;40;22661610;0
face_user_1_1333627715130;1.35;2;40;22569908;0
face_user_1_1333627715130;1.35;3;40;22517247;0
face_user_1_1333627715130;1.35;10;40;22523817;0
face_user_1_1333627715130;1.4;1;40;22935667;0
face_user_1_1333627715130;1.4;2;40;22189760;0
face_user_1_1333627715130;1.4;3;40;22248920;0
face_user_1_1333627715130;1.4;10;40;21632990;0
face_user_1_1333627715130;1.45;1;40;22999081;0
face_user_1_1333627715130;1.45;2;40;24132400;0
face_user_1_1333627715130;1.45;3;40;23496144;0
face_user_1_1333627715130;1.45;10;40;22938114;0
face_user_1_1333627715130;1.5;1;40;21957261;0
face_user_1_1333627715130;1.5;2;40;22973452;0
face_user_1_1333627715130;1.5;3;40;22819104;0
face_user_1_1333627715130;1.5;10;40;22747237;0
face_user_1_1333627708537;1.05;1;40;29119903;0
face_user_1_1333627708537;1.05;2;40;28921068;0
face_user_1_1333627708537;1.05;3;40;26908167;0
face_user_1_1333627708537;1.05;10;40;27592617;0
face_user_1_1333627708537;1.1;1;40;25915446;0
face_user_1_1333627708537;1.1;2;40;23550619;0
face_user_1_1333627708537;1.1;3;40;23963801;0
face_user_1_1333627708537;1.1;10;40;23803517;0
face_user_1_1333627708537;1.15;1;40;23144770;0
face_user_1_1333627708537;1.15;2;40;22692482;0
face_user_1_1333627708537;1.15;3;40;22999013;0
face_user_1_1333627708537;1.15;10;40;23306245;0
face_user_1_1333627708537;1.2;1;40;22155196;0
face_user_1_1333627708537;1.2;2;40;23021922;0
face_user_1_1333627708537;1.2;3;40;22504887;0
face_user_1_1333627708537;1.2;10;40;22946563;0
face_user_1_1333627708537;1.25;1;40;22003285;0
face_user_1_1333627708537;1.25;2;40;21716448;0
face_user_1_1333627708537;1.25;3;40;22234043;0
face_user_1_1333627708537;1.25;10;40;22196887;0
face_user_1_1333627708537;1.3;1;40;22279021;0
face_user_1_1333627708537;1.3;2;40;21669586;0
face_user_1_1333627708537;1.3;3;40;22460186;0
face_user_1_1333627708537;1.3;10;40;22193603;0
face_user_1_1333627708537;1.35;1;40;21322684;0
face_user_1_1333627708537;1.35;2;40;21349852;0
face_user_1_1333627708537;1.35;3;40;21617415;0
face_user_1_1333627708537;1.35;10;40;21997070;0
face_user_1_1333627708537;1.4;1;40;21424375;0
face_user_1_1333627708537;1.4;2;40;21394759;0
face_user_1_1333627708537;1.4;3;40;21738726;0
face_user_1_1333627708537;1.4;10;40;21656105;0
face_user_1_1333627708537;1.45;1;40;22350815;0
face_user_1_1333627708537;1.45;2;40;21414876;0
face_user_1_1333627708537;1.45;3;40;21827703;0
face_user_1_1333627708537;1.45;10;40;22180408;0
face_user_1_1333627708537;1.5;1;40;21822188;0
face_user_1_1333627708537;1.5;2;40;21662810;0
face_user_1_1333627708537;1.5;3;40;21781609;0
face_user_1_1333627708537;1.5;10;40;22113288;0
full_user_1_1333627712763;1.05;1;40;413674464;0
full_user_1_1333627712763;1.05;2;40;411939465;0
full_user_1_1333627712763;1.05;3;40;423484019;0
full_user_1_1333627712763;1.05;10;40;410974540;0
full_user_1_1333627712763;1.1;1;40;205594927;0
full_user_1_1333627712763;1.1;2;40;204722542;0
full_user_1_1333627712763;1.1;3;40;206617542;0
full_user_1_1333627712763;1.1;10;40;203527773;0
full_user_1_1333627712763;1.15;1;40;184439790;0
full_user_1_1333627712763;1.15;2;40;182974318;0
full_user_1_1333627712763;1.15;3;40;182917115;0
full_user_1_1333627712763;1.15;10;40;182712831;0
full_user_1_1333627712763;1.2;1;40;144053095;0
full_user_1_1333627712763;1.2;2;40;144211984;0
full_user_1_1333627712763;1.2;3;40;144885743;0
full_user_1_1333627712763;1.2;10;40;145186411;0
full_user_1_1333627712763;1.25;1;40;101289486;0
full_user_1_1333627712763;1.25;2;40;101500896;0
full_user_1_1333627712763;1.25;3;40;100162041;0
full_user_1_1333627712763;1.25;10;40;100277063;0
full_user_1_1333627712763;1.3;1;40;113187860;0
full_user_1_1333627712763;1.3;2;40;113476022;0
full_user_1_1333627712763;1.3;3;40;113424129;0
full_user_1_1333627712763;1.3;10;40;113226270;0
full_user_1_1333627712763;1.35;1;40;90726413;0
full_user_1_1333627712763;1.35;2;40;90422253;0
full_user_1_1333627712763;1.35;3;40;90334323;0
full_user_1_1333627712763;1.35;10;40;91664448;0
full_user_1_1333627712763;1.4;1;40;75318797;0
full_user_1_1333627712763;1.4;2;40;74984328;0
full_user_1_1333627712763;1.4;3;40;74637142;0
full_user_1_1333627712763;1.4;10;40;75543756;0
full_user_1_1333627712763;1.45;1;40;94852215;0
full_user_1_1333627712763;1.45;2;40;94589681;0
full_user_1_1333627712763;1.45;3;40;94719097;0
full_user_1_1333627712763;1.45;10;40;94501681;0
full_user_1_1333627712763;1.5;1;40;83954812;0
full_user_1_1333627712763;1.5;2;40;83635283;0
full_user_1_1333627712763;1.5;3;40;84006359;0
full_user_1_1333627712763;1.5;10;40;83034022;0
face_user_1_1333627707659;1.05;1;40;28271188;0
face_user_1_1333627707659;1.05;2;40;28005868;0
face_user_1_1333627707659;1.05;3;40;28554330;0
face_user_1_1333627707659;1.05;10;40;28268121;0
face_user_1_1333627707659;1.1;1;40;24135471;0
face_user_1_1333627707659;1.1;2;40;23641624;0
face_user_1_1333627707659;1.1;3;40;24304277;0
face_user_1_1333627707659;1.1;10;40;24214601;0
face_user_1_1333627707659;1.15;1;40;23596856;0
face_user_1_1333627707659;1.15;2;40;23440482;0
face_user_1_1333627707659;1.15;3;40;23710767;0
face_user_1_1333627707659;1.15;10;40;24198678;0
face_user_1_1333627707659;1.2;1;40;22662311;0
face_user_1_1333627707659;1.2;2;40;22527026;0
face_user_1_1333627707659;1.2;3;40;23510741;0
face_user_1_1333627707659;1.2;10;40;22896346;0
face_user_1_1333627707659;1.25;1;40;22526607;0
face_user_1_1333627707659;1.25;2;40;21951812;0
face_user_1_1333627707659;1.25;3;40;22162664;0
face_user_1_1333627707659;1.25;10;40;23048461;0
face_user_1_1333627707659;1.3;1;40;22189276;0
face_user_1_1333627707659;1.3;2;40;22178451;0
face_user_1_1333627707659;1.3;3;40;22205966;0
face_user_1_1333627707659;1.3;10;40;23015287;0
face_user_1_1333627707659;1.35;1;40;21773019;0
face_user_1_1333627707659;1.35;2;40;21783427;0
face_user_1_1333627707659;1.35;3;40;22123275;0
face_user_1_1333627707659;1.35;10;40;21797047;0
face_user_1_1333627707659;1.4;1;40;22335453;0
face_user_1_1333627707659;1.4;2;40;21406352;0
face_user_1_1333627707659;1.4;3;40;21887140;0
face_user_1_1333627707659;1.4;10;40;21800328;0
face_user_1_1333627707659;1.45;1;40;22050081;0
face_user_1_1333627707659;1.45;2;40;21889727;0
face_user_1_1333627707659;1.45;3;40;22160220;0
face_user_1_1333627707659;1.45;10;40;22321762;0
face_user_1_1333627707659;1.5;1;40;21696333;0
face_user_1_1333627707659;1.5;2;40;22389648;0
face_user_1_1333627707659;1.5;3;40;21962079;0
face_user_1_1333627707659;1.5;10;40;21943296;0
face_user_1_1333627710206;1.05;1;40;25609960;0
face_user_1_1333627710206;1.05;2;40;25711509;0
face_user_1_1333627710206;1.05;3;40;25377952;0
face_user_1_1333627710206;1.05;10;40;31677909;0
face_user_1_1333627710206;1.1;1;40;23057122;0
face_user_1_1333627710206;1.1;2;40;22953897;0
face_user_1_1333627710206;1.1;3;40;22529960;0
face_user_1_1333627710206;1.1;10;40;25307967;0
face_user_1_1333627710206;1.15;1;40;22697648;0
face_user_1_1333627710206;1.15;2;40;22894881;0
face_user_1_1333627710206;1.15;3;40;22263168;0
face_user_1_1333627710206;1.15;10;40;22786977;0
face_user_1_1333627710206;1.2;1;40;22173139;0
face_user_1_1333627710206;1.2;2;40;21912002;0
face_user_1_1333627710206;1.2;3;40;22592398;0
face_user_1_1333627710206;1.2;10;40;21936448;0
face_user_1_1333627710206;1.25;1;40;21289649;0
face_user_1_1333627710206;1.25;2;40;21296705;0
face_user_1_1333627710206;1.25;3;40;21812410;0
face_user_1_1333627710206;1.25;10;40;21128314;0
face_user_1_1333627710206;1.3;1;40;21694729;0
face_user_1_1333627710206;1.3;2;40;21585637;0
face_user_1_1333627710206;1.3;3;40;21263390;0
face_user_1_1333627710206;1.3;10;40;22276088;0
face_user_1_1333627710206;1.35;1;40;20911251;0
face_user_1_1333627710206;1.35;2;40;21019152;0
face_user_1_1333627710206;1.35;3;40;21099610;0
face_user_1_1333627710206;1.35;10;40;21532277;0
face_user_1_1333627710206;1.4;1;40;21030191;0
face_user_1_1333627710206;1.4;2;40;21089831;0
face_user_1_1333627710206;1.4;3;40;21129431;0
face_user_1_1333627710206;1.4;10;40;20830929;0
face_user_1_1333627710206;1.45;1;40;22110635;0
face_user_1_1333627710206;1.45;2;40;21380933;0
face_user_1_1333627710206;1.45;3;40;21289298;0
face_user_1_1333627710206;1.45;10;40;21596600;0
face_user_1_1333627710206;1.5;1;40;21299287;0
face_user_1_1333627710206;1.5;2;40;21248654;0
face_user_1_1333627710206;1.5;3;40;21145914;0
face_user_1_1333627710206;1.5;10;40;21257310;0
